subject_name,course_name,absolute_course_name
Computer Science Courses,Elements of AI,https://www.classcentral.com/course/independent-elements-of-ai-12469
Computer Science Courses,Machine Learning,https://www.classcentral.com/course/machine-learning-835
Computer Science Courses,Introduction to Computer Science and Programming Using Python,https://www.classcentral.com/course/edx-introduction-to-computer-science-and-programming-using-python-1341
Computer Science Courses,CS50's Introduction to Computer Science,https://www.classcentral.com/course/edx-cs50-s-introduction-to-computer-science-442
Computer Science Courses,Machine Learning for Musicians and Artists,https://www.classcentral.com/course/kadenze-machine-learning-for-musicians-and-artists-3768
Computer Science Courses,"Divide and Conquer, Sorting and Searching, and Randomized Algorithms",https://www.classcentral.com/course/algorithms-divide-conquer-374
Computer Science Courses,Functional Programming Principles in Scala,https://www.classcentral.com/course/progfun-422
Computer Science Courses,Unlocking Information Security: Part Ⅰ,https://www.classcentral.com/course/edx-unlocking-information-security-part-16964
Computer Science Courses,"Algorithms, Part I",https://www.classcentral.com/course/algs4partI-339
Computer Science Courses,Cryptography I,https://www.classcentral.com/course/crypto-616
Computer Science Courses,Functional Program Design in Scala,https://www.classcentral.com/course/progfun2-1186
Computer Science Courses,"Internet History, Technology, and Security",https://www.classcentral.com/course/insidetheinternet-335
Computer Science Courses,Introduction to Linux,https://www.classcentral.com/course/edx-introduction-to-linux-1857
Computer Science Courses,CS188.1x: Artificial Intelligence,https://www.classcentral.com/course/edx-cs188-1x-artificial-intelligence-445
Computer Science Courses,Fundamentos TIC para profesionales de negocios: Hardware,https://www.classcentral.com/course/edx-fundamentos-tic-para-profesionales-de-negocios-hardware-8086
Computer Science Courses,Cyber Security,https://www.classcentral.com/course/swayam-cyber-security-13978
Computer Science Courses,Build a Modern Computer from First Principles: From Nand to Tetris (Project-Centered Course),https://www.classcentral.com/course/build-a-computer-3234
Computer Science Courses,"Algorithms, Part II",https://www.classcentral.com/course/algs4partII-340
Computer Science Courses,"Cloud Computing Concepts, Part 1",https://www.classcentral.com/course/cloud-computing-2717
Computer Science Courses,Fundamentals of Reinforcement Learning,https://www.classcentral.com/course/fundamentals-of-reinforcement-learning-14497
Computer Science Courses,Introduction to Artificial Intelligence,https://www.classcentral.com/course/udacity-introduction-to-artificial-intelligence-301
Computer Science Courses,Machine Learning Foundations: A Case Study Approach,https://www.classcentral.com/course/ml-foundations-4352
Computer Science Courses,Transport Systems: Global Issues and Future Innovations,https://www.classcentral.com/course/transport-systems-global-issues-and-future-innova-12705
Computer Science Courses,Bitcoin and Cryptocurrency Technologies,https://www.classcentral.com/course/bitcointech-3655
Computer Science Courses,Julia Scientific Programming,https://www.classcentral.com/course/julia-programming-7092
Computer Science Courses,Computational Social Science Methods,https://www.classcentral.com/course/computational-social-science-methods-17299
Computer Science Courses,Web Security Fundamentals,https://www.classcentral.com/course/edx-web-security-fundamentals-8726
Computer Science Courses,Automata Theory,https://www.classcentral.com/course/edx-automata-theory-376
Computer Science Courses,Neural Networks and Deep Learning,https://www.classcentral.com/course/neural-networks-deep-learning-9058
Computer Science Courses,Introduction to Machine Learning Course,https://www.classcentral.com/course/udacity-introduction-to-machine-learning-course-2996
Computer Science Courses,Text Retrieval and Search Engines,https://www.classcentral.com/course/textretrieval-2734
Computer Science Courses,Probabilistic Graphical Models 1: Representation,https://www.classcentral.com/course/probabilistic-graphical-models-309
Computer Science Courses,The Nature of Code,https://www.classcentral.com/course/kadenze-the-nature-of-code-3777
Computer Science Courses,Machine Learning With Big Data,https://www.classcentral.com/course/machinelearningwithbigdata-4238
Computer Science Courses,Fundamentos TIC para profesionales de negocios: Desarrollo de Software,https://www.classcentral.com/course/edx-fundamentos-tic-para-profesionales-de-negocios-desarrollo-de-software-8495
Computer Science Courses,Computer Science 101,https://www.classcentral.com/course/edx-computer-science-101-2175
Computer Science Courses,Discrete Optimization,https://www.classcentral.com/course/optimization-487
Computer Science Courses,Introduction to the Internet of Things and Embedded Systems,https://www.classcentral.com/course/iot-4338
Computer Science Courses,The Arduino Platform and C Programming,https://www.classcentral.com/course/arduino-platform-4206
Computer Science Courses,Cybersecurity Fundamentals,https://www.classcentral.com/course/edx-cybersecurity-fundamentals-7844
Computer Science Courses,Principles of Computing (Part 1),https://www.classcentral.com/course/principlescomputing1-1724
Computer Science Courses,Hardware Security,https://www.classcentral.com/course/hardwaresec-1729
Computer Science Courses,Machine Learning for Data Science and Analytics,https://www.classcentral.com/course/edx-machine-learning-for-data-science-and-analytics-4912
Computer Science Courses,A Complete Reinforcement Learning System (Capstone),https://www.classcentral.com/course/complete-reinforcement-learning-system-14498
Computer Science Courses,Design of Computer Programs,https://www.classcentral.com/course/udacity-design-of-computer-programs-323
Computer Science Courses,Unlocking Information Security: Part ⅠⅠ,https://www.classcentral.com/course/edx-unlocking-information-security-part-16965
Computer Science Courses,Fundamentos TIC para profesionales de negocios: Aplicaciones empresariales,https://www.classcentral.com/course/edx-fundamentos-tic-para-profesionales-de-negocios-aplicaciones-empresariales-7475
Computer Science Courses,Computational Social Science Capstone Project,https://www.classcentral.com/course/css-capstone-17985
Computer Science Courses,Cryptography,https://www.classcentral.com/course/cryptography-1730
Computer Science Courses,Introduction to Software Product Management,https://www.classcentral.com/course/introduction-to-software-product-managem-4196
subject_name,course_name,absolute_course_name
Programming Courses,Programming for Everybody (Getting Started with Python),https://www.classcentral.com/course/python-4319
Programming Courses,Python Data Structures,https://www.classcentral.com/course/python-data-4174
Programming Courses,An Introduction to Interactive Programming in Python (Part 1),https://www.classcentral.com/course/interactivepython1-408
Programming Courses,Using Python to Access Web Data,https://www.classcentral.com/course/python-network-data-4343
Programming Courses,Using Databases with Python,https://www.classcentral.com/course/python-databases-4272
Programming Courses,Python for Everybody,https://www.classcentral.com/course/python-18625
Programming Courses,Agile Leadership Principles and Practices,https://www.classcentral.com/course/edx-agile-leadership-principles-and-practices-11920
Programming Courses,Introduction to Programming with MATLAB,https://www.classcentral.com/course/matlab-3396
Programming Courses,"Agile Process, Project, and Program Controls",https://www.classcentral.com/course/edx-agile-process-project-and-program-controls-11921
Programming Courses,Learn to Program: The Fundamentals,https://www.classcentral.com/course/programming1-385
Programming Courses,ANIMATIONs,https://www.classcentral.com/course/swayam-animations-13880
Programming Courses,Python and Statistics for Financial Analysis,https://www.classcentral.com/course/python-statistics-financial-analysis-12648
Programming Courses,Computing in Python I: Fundamentals and Procedural Programming,https://www.classcentral.com/course/edx-computing-in-python-i-fundamentals-and-procedural-programming-11469
Programming Courses,Ruby on Rails: An Introduction,https://www.classcentral.com/course/ruby-on-rails-intro-4258
Programming Courses,Sprint Planning for Faster Agile Team Delivery,https://www.classcentral.com/course/edx-sprint-planning-for-faster-agile-team-delivery-11918
Programming Courses,Agile Innovation and Problem Solving Skills,https://www.classcentral.com/course/edx-agile-innovation-and-problem-solving-skills-11919
Programming Courses,Functional Program Design in Scala,https://www.classcentral.com/course/progfun2-1186
Programming Courses,Computing in Python IV: Objects & Algorithms,https://www.classcentral.com/course/edx-computing-in-python-iv-objects-algorithms-11472
Programming Courses,An Introduction to Interactive Programming in Python (Part 2),https://www.classcentral.com/course/interactivepython2-3196
Programming Courses,Programming Mobile Applications for Android Handheld Systems: Part 1,https://www.classcentral.com/course/androidpart1-1178
Programming Courses,Intro to HTML and CSS,https://www.classcentral.com/course/udacity-intro-to-html-and-css-2659
Programming Courses,Introduction to VBA/Excel Programming,https://www.classcentral.com/course/open-education-by-blackboard-introduction-to-vba-excel-programming-1797
Programming Courses,Computing in Python II: Control Structures,https://www.classcentral.com/course/edx-computing-in-python-ii-control-structures-11470
Programming Courses,Python for Everybody - Exploring Information,https://www.classcentral.com/course/independent-python-for-everybody-exploring-information-7363
Programming Courses,"Responsive Website Basics: Code with HTML, CSS, and JavaScript ",https://www.classcentral.com/course/website-coding-4191
Programming Courses,"C++ For C Programmers, Part A",https://www.classcentral.com/course/c-plus-plus-a-671
Programming Courses,Introduction to HTML5,https://www.classcentral.com/course/introhtml-4307
Programming Courses,Android: Introducción a la Programación,https://www.classcentral.com/course/edx-android-introduccion-a-la-programacion-2964
Programming Courses,"Programming Languages, Part A",https://www.classcentral.com/course/programming-languages-452
Programming Courses,Computing in Python III: Data Structures,https://www.classcentral.com/course/edx-computing-in-python-iii-data-structures-11471
Programming Courses,Front End Web Developer,https://www.classcentral.com/course/front-end-web-developer-nanodegree--nd0011-18193
Programming Courses,Introducción al desarrollo de videojuegos con Unity,https://www.classcentral.com/course/edx-introduccion-al-desarrollo-de-videojuegos-con-unity-5345
Programming Courses,"HTML, CSS, and Javascript for Web Developers",https://www.classcentral.com/course/html-css-javascript-for-web-developers-4270
Programming Courses,JavaScript Basics,https://www.classcentral.com/course/udacity-javascript-basics-2660
Programming Courses,Agile Development Using Ruby on Rails - The Basics,https://www.classcentral.com/course/edx-agile-development-using-ruby-on-rails-the-basics-443
Programming Courses,Introducción a la programación orientada a objetos en Java,https://www.classcentral.com/course/introduccion-programacion-java-9065
Programming Courses,Developing Android Apps,https://www.classcentral.com/course/udacity-developing-android-apps-2211
Programming Courses,Creative Programming for Digital Media & Mobile Apps,https://www.classcentral.com/course/digitalmedia-529
Programming Courses,Introdução ao Controle Moderno,https://www.classcentral.com/course/controle-moderno-8482
Programming Courses,Programming Mobile Applications for Android Handheld Systems: Part 2,https://www.classcentral.com/course/androidpart2-3076
Programming Courses,Programming Basics,https://www.classcentral.com/course/edx-programming-basics-1650
Programming Courses,Introduction to video game development with Unity,https://www.classcentral.com/course/edx-introduction-to-video-game-development-with-unity-18138
Programming Courses,Become an Android Developer,https://www.classcentral.com/course/android-developer-nanodegree-by-google--nd801-18236
Programming Courses,Object-Oriented JavaScript,https://www.classcentral.com/course/udacity-object-oriented-javascript-2658
Programming Courses,Introduction to Functional Programming,https://www.classcentral.com/course/edx-introduction-to-functional-programming-2147
Programming Courses,Code Yourself! An Introduction to Programming,https://www.classcentral.com/course/codeyourself-2938
Programming Courses,Programming Languages,https://www.classcentral.com/course/udacity-programming-languages-325
Programming Courses,Full Stack Foundations,https://www.classcentral.com/course/udacity-full-stack-foundations-3254
Programming Courses,Introduction to Programming for the Visual Arts with p5.js,https://www.classcentral.com/course/kadenze-introduction-to-programming-for-the-visual-arts-with-p5-js-3770
Programming Courses,HTML5 Coding Essentials and Best Practices,https://www.classcentral.com/course/edx-html5-coding-essentials-and-best-practices-3444
,Programming for Everybody (Getting Started with Python),https://www.classcentral.com/course/python-4319
,Python Data Structures,https://www.classcentral.com/course/python-data-4174
,Using Python to Access Web Data,https://www.classcentral.com/course/python-network-data-4343
,Python for Everybody,https://www.classcentral.com/course/python-18625
,Introduction to Programming with MATLAB,https://www.classcentral.com/course/matlab-3396
,Python and Statistics for Financial Analysis,https://www.classcentral.com/course/python-statistics-financial-analysis-12648
,Computing in Python I: Fundamentals and Procedural Programming,https://www.classcentral.com/course/edx-computing-in-python-i-fundamentals-and-procedural-programming-11469
,Functional Program Design in Scala,https://www.classcentral.com/course/progfun2-1186
,Computing in Python IV: Objects & Algorithms,https://www.classcentral.com/course/edx-computing-in-python-iv-objects-algorithms-11472
,An Introduction to Interactive Programming in Python (Part 2),https://www.classcentral.com/course/interactivepython2-3196
,Introduction to VBA/Excel Programming,https://www.classcentral.com/course/open-education-by-blackboard-introduction-to-vba-excel-programming-1797
,Computing in Python II: Control Structures,https://www.classcentral.com/course/edx-computing-in-python-ii-control-structures-11470
,Python for Everybody - Exploring Information,https://www.classcentral.com/course/independent-python-for-everybody-exploring-information-7363
,"Programming Languages, Part A",https://www.classcentral.com/course/programming-languages-452
,Computing in Python III: Data Structures,https://www.classcentral.com/course/edx-computing-in-python-iii-data-structures-11471
,JavaScript Basics,https://www.classcentral.com/course/udacity-javascript-basics-2660
,Introducción a la programación orientada a objetos en Java,https://www.classcentral.com/course/introduccion-programacion-java-9065
,Introdução ao Controle Moderno,https://www.classcentral.com/course/controle-moderno-8482
,Object-Oriented JavaScript,https://www.classcentral.com/course/udacity-object-oriented-javascript-2658
,Java Programming Basics,https://www.classcentral.com/course/udacity-java-programming-basics-6686
,Introducción a la programación en C: Tipos de datos y estructuras,https://www.classcentral.com/course/edx-introduccion-a-la-programacion-en-c-tipos-de-datos-y-estructuras-12156
,Java Programming: Principles of Software Design,https://www.classcentral.com/course/java-programming-design-principles-4323
,"JavaScript, часть 2: прототипы и асинхронность",https://www.classcentral.com/course/javascript-prototipy-9580
,"JavaScript, часть 1: основы и функции",https://www.classcentral.com/course/javascript-osnovy-i-funktsii-9569
,More C# Programming and Unity,https://www.classcentral.com/course/more-programming-unity-10135
,Разработка веб-сервисов на Go - основы языка,https://www.classcentral.com/course/golang-webservices-1-10072
,用 Python 做商管程式設計（一）(Programming for Business Computing in Python (1)),https://www.classcentral.com/course/pbc1-10425
,"Pointers, Arrays, and Recursion",https://www.classcentral.com/course/pointers-arrays-recursion-10326
,Python Classes and Inheritance,https://www.classcentral.com/course/python-classes-inheritance-12552
,Foundations of Objective-C App Development,https://www.classcentral.com/course/objective-c-4268
,Getting Started with Go,https://www.classcentral.com/course/golang-getting-started-12046
,Concurrency in Go,https://www.classcentral.com/course/golang-concurrency-12047
,"Functions, Methods, and Interfaces in Go",https://www.classcentral.com/course/golang-functions-methods-12050
,Основы разработки на С++: черный пояс,https://www.classcentral.com/course/c-plus-plus-black-11774
,Fitting Statistical Models to Data with Python,https://www.classcentral.com/course/fitting-statistical-models-data-python-12633
,Practical SAS Programming and Certification Review,https://www.classcentral.com/course/sas-programming-certification-review-12859
,البرمجة للجميع - بدء استخدام بايثون,https://www.classcentral.com/course/python-ar-13179
,Data Processing and Feature Engineering with MATLAB,https://www.classcentral.com/course/feature-engineering-matlab-17127
,Programación Orientada a Objetos con Python,https://www.classcentral.com/course/programacion-python-objetos-13656
,Networking with Python: Socket Programming for Communication,https://www.classcentral.com/course/networking-with-python-socket-programming-for-com-18044
,Programming for Everybody: Getting Started with Python,https://www.classcentral.com/course/programming-for-everybody-python-16934
,Building a Text-Based Bank in Java,https://www.classcentral.com/course/building-a-java-application-banking-19343
,Building a Calculator using C# in Visual Studio,https://www.classcentral.com/course/buildingacalculatorinvisualstudio-19613
,C#程序设计,https://www.classcentral.com/course/sheng-c-biancheng-6294
,c#高级编程,https://www.classcentral.com/course/csharp-gaoji-biancheng-5609
,用 Python 做商管程式設計（二）(Programming for Business Computing in Python (2)),https://www.classcentral.com/course/pbc2-10786
,Python для анализа данных,https://www.classcentral.com/course/python-for-data-science-11228
,Automating Real-World Tasks with Python,https://www.classcentral.com/course/automating-real-world-tasks-python-18063
,Object-Oriented Programming with Java,https://www.classcentral.com/course/object-oriented-programming-java-19396
,Python Programming: A Concise Introduction,https://www.classcentral.com/course/python-programming-introduction-7087
subject_name,course_name,absolute_course_name
Computer Science Courses,Elements of AI,https://www.classcentral.com/course/independent-elements-of-ai-12469
Computer Science Courses,Machine Learning,https://www.classcentral.com/course/machine-learning-835
Computer Science Courses,Introduction to Computer Science and Programming Using Python,https://www.classcentral.com/course/edx-introduction-to-computer-science-and-programming-using-python-1341
Computer Science Courses,CS50's Introduction to Computer Science,https://www.classcentral.com/course/edx-cs50-s-introduction-to-computer-science-442
Computer Science Courses,Machine Learning for Musicians and Artists,https://www.classcentral.com/course/kadenze-machine-learning-for-musicians-and-artists-3768
Computer Science Courses,"Divide and Conquer, Sorting and Searching, and Randomized Algorithms",https://www.classcentral.com/course/algorithms-divide-conquer-374
Computer Science Courses,Functional Programming Principles in Scala,https://www.classcentral.com/course/progfun-422
Computer Science Courses,Unlocking Information Security: Part Ⅰ,https://www.classcentral.com/course/edx-unlocking-information-security-part-16964
Computer Science Courses,"Algorithms, Part I",https://www.classcentral.com/course/algs4partI-339
Computer Science Courses,Cryptography I,https://www.classcentral.com/course/crypto-616
Computer Science Courses,Functional Program Design in Scala,https://www.classcentral.com/course/progfun2-1186
Computer Science Courses,"Internet History, Technology, and Security",https://www.classcentral.com/course/insidetheinternet-335
Computer Science Courses,Introduction to Linux,https://www.classcentral.com/course/edx-introduction-to-linux-1857
Computer Science Courses,CS188.1x: Artificial Intelligence,https://www.classcentral.com/course/edx-cs188-1x-artificial-intelligence-445
Computer Science Courses,Fundamentos TIC para profesionales de negocios: Hardware,https://www.classcentral.com/course/edx-fundamentos-tic-para-profesionales-de-negocios-hardware-8086
Computer Science Courses,Cyber Security,https://www.classcentral.com/course/swayam-cyber-security-13978
Computer Science Courses,Build a Modern Computer from First Principles: From Nand to Tetris (Project-Centered Course),https://www.classcentral.com/course/build-a-computer-3234
Computer Science Courses,"Algorithms, Part II",https://www.classcentral.com/course/algs4partII-340
Computer Science Courses,"Cloud Computing Concepts, Part 1",https://www.classcentral.com/course/cloud-computing-2717
Computer Science Courses,Fundamentals of Reinforcement Learning,https://www.classcentral.com/course/fundamentals-of-reinforcement-learning-14497
Computer Science Courses,Introduction to Artificial Intelligence,https://www.classcentral.com/course/udacity-introduction-to-artificial-intelligence-301
Computer Science Courses,Machine Learning Foundations: A Case Study Approach,https://www.classcentral.com/course/ml-foundations-4352
Computer Science Courses,Transport Systems: Global Issues and Future Innovations,https://www.classcentral.com/course/transport-systems-global-issues-and-future-innova-12705
Computer Science Courses,Bitcoin and Cryptocurrency Technologies,https://www.classcentral.com/course/bitcointech-3655
Computer Science Courses,Julia Scientific Programming,https://www.classcentral.com/course/julia-programming-7092
Computer Science Courses,Computational Social Science Methods,https://www.classcentral.com/course/computational-social-science-methods-17299
Computer Science Courses,Web Security Fundamentals,https://www.classcentral.com/course/edx-web-security-fundamentals-8726
Computer Science Courses,Automata Theory,https://www.classcentral.com/course/edx-automata-theory-376
Computer Science Courses,Neural Networks and Deep Learning,https://www.classcentral.com/course/neural-networks-deep-learning-9058
Computer Science Courses,Introduction to Machine Learning Course,https://www.classcentral.com/course/udacity-introduction-to-machine-learning-course-2996
Computer Science Courses,Text Retrieval and Search Engines,https://www.classcentral.com/course/textretrieval-2734
Computer Science Courses,Probabilistic Graphical Models 1: Representation,https://www.classcentral.com/course/probabilistic-graphical-models-309
Computer Science Courses,The Nature of Code,https://www.classcentral.com/course/kadenze-the-nature-of-code-3777
Computer Science Courses,Machine Learning With Big Data,https://www.classcentral.com/course/machinelearningwithbigdata-4238
Computer Science Courses,Fundamentos TIC para profesionales de negocios: Desarrollo de Software,https://www.classcentral.com/course/edx-fundamentos-tic-para-profesionales-de-negocios-desarrollo-de-software-8495
Computer Science Courses,Computer Science 101,https://www.classcentral.com/course/edx-computer-science-101-2175
Computer Science Courses,Discrete Optimization,https://www.classcentral.com/course/optimization-487
Computer Science Courses,Introduction to the Internet of Things and Embedded Systems,https://www.classcentral.com/course/iot-4338
Computer Science Courses,The Arduino Platform and C Programming,https://www.classcentral.com/course/arduino-platform-4206
Computer Science Courses,Cybersecurity Fundamentals,https://www.classcentral.com/course/edx-cybersecurity-fundamentals-7844
Computer Science Courses,Principles of Computing (Part 1),https://www.classcentral.com/course/principlescomputing1-1724
Computer Science Courses,Hardware Security,https://www.classcentral.com/course/hardwaresec-1729
Computer Science Courses,Machine Learning for Data Science and Analytics,https://www.classcentral.com/course/edx-machine-learning-for-data-science-and-analytics-4912
Computer Science Courses,A Complete Reinforcement Learning System (Capstone),https://www.classcentral.com/course/complete-reinforcement-learning-system-14498
Computer Science Courses,Design of Computer Programs,https://www.classcentral.com/course/udacity-design-of-computer-programs-323
Computer Science Courses,Unlocking Information Security: Part ⅠⅠ,https://www.classcentral.com/course/edx-unlocking-information-security-part-16965
Computer Science Courses,Fundamentos TIC para profesionales de negocios: Aplicaciones empresariales,https://www.classcentral.com/course/edx-fundamentos-tic-para-profesionales-de-negocios-aplicaciones-empresariales-7475
Computer Science Courses,Computational Social Science Capstone Project,https://www.classcentral.com/course/css-capstone-17985
Computer Science Courses,Cryptography,https://www.classcentral.com/course/cryptography-1730
Computer Science Courses,Introduction to Software Product Management,https://www.classcentral.com/course/introduction-to-software-product-managem-4196
subject_name,course_name,absolute_course_name
Data Science Courses,R Programming,https://www.classcentral.com/course/rprog-1713
Data Science Courses,The Data Scientist’s Toolbox,https://www.classcentral.com/course/datascitoolbox-1712
Data Science Courses,The Analytics Edge,https://www.classcentral.com/course/edx-the-analytics-edge-1623
Data Science Courses,Become a Data Analyst,https://www.classcentral.com/course/data-analyst-nanodegree--nd002-18208
Data Science Courses,Introduction to Data Science in Python,https://www.classcentral.com/course/python-data-analysis-6671
Data Science Courses,Getting and Cleaning Data,https://www.classcentral.com/course/getdata-1714
Data Science Courses,Python for Data Science,https://www.classcentral.com/course/edx-python-for-data-science-8209
Data Science Courses,Python for Data Science,https://www.classcentral.com/course/swayam-python-for-data-science-14266
Data Science Courses,Introduction to Computational Thinking and Data Science,https://www.classcentral.com/course/edx-introduction-to-computational-thinking-and-data-science-1779
Data Science Courses,Introduction to R for Data Science,https://www.classcentral.com/course/edx-introduction-to-r-for-data-science-3928
Data Science Courses,Probability - The Science of Uncertainty and Data,https://www.classcentral.com/course/edx-probability-the-science-of-uncertainty-and-data-1496
Data Science Courses,Pattern Discovery in Data Mining,https://www.classcentral.com/course/patterndiscovery-2733
Data Science Courses,Mining Massive Datasets,https://www.classcentral.com/course/edx-mining-massive-datasets-2406
Data Science Courses,Data Visualization,https://www.classcentral.com/course/datavisualization-2737
Data Science Courses,Spatial Data Science: The New Frontier in Analytics,https://www.classcentral.com/course/independent-spatial-data-science-the-new-frontier-in-analytics-17227
Data Science Courses,Computational Social Science,https://www.classcentral.com/course/computational-social-science-ucdavis-18710
Data Science Courses,Exploratory Data Analysis,https://www.classcentral.com/course/exdata-1715
Data Science Courses,Finding Hidden Messages in DNA (Bioinformatics I),https://www.classcentral.com/course/hiddenmessages-3289
Data Science Courses,Process Mining: Data science in Action,https://www.classcentral.com/course/procmin-2445
Data Science Courses,Making Sense of Data in the Media,https://www.classcentral.com/course/media-data-4925
Data Science Courses,Introduction to Python for Data Science,https://www.classcentral.com/course/edx-introduction-to-python-for-data-science-5683
Data Science Courses,Intro to Hadoop and MapReduce,https://www.classcentral.com/course/udacity-intro-to-hadoop-and-mapreduce-1470
Data Science Courses,Statistics and R,https://www.classcentral.com/course/edx-statistics-and-r-2960
Data Science Courses,Introduction to Big Data,https://www.classcentral.com/course/intro-to-big-data-4164
Data Science Courses,Statistical Thinking for Data Science and Analytics,https://www.classcentral.com/course/edx-statistical-thinking-for-data-science-and-analytics-4913
Data Science Courses,Data Analysis with R,https://www.classcentral.com/course/udacity-data-analysis-with-r-1478
Data Science Courses,Regression Models,https://www.classcentral.com/course/regmods-1718
Data Science Courses,Big Data,https://www.classcentral.com/course/big-data-18552
Data Science Courses,Statistical Inference,https://www.classcentral.com/course/statinference-1717
Data Science Courses,Python for Genomic Data Science,https://www.classcentral.com/course/genpython-3476
Data Science Courses,Data Analysis for Social Scientists,https://www.classcentral.com/course/edx-data-analysis-for-social-scientists-6842
Data Science Courses,DCO042 - Python For Informatics,https://www.classcentral.com/course/independent-dco042-python-for-informatics-1010
Data Science Courses,Bayesian Statistics: From Concept to Data Analysis,https://www.classcentral.com/course/bayesian-statistics-6633
Data Science Courses,Intro to Data Science,https://www.classcentral.com/course/udacity-intro-to-data-science-1480
Data Science Courses,Intro to Python for Data Science,https://www.classcentral.com/course/datacamp-intro-to-python-for-data-science-7631
Data Science Courses,Data Analysis: Take It to the MAX(),https://www.classcentral.com/course/edx-data-analysis-take-it-to-the-max-2916
Data Science Courses,Analyzing and Visualizing Data with Excel,https://www.classcentral.com/course/edx-analyzing-and-visualizing-data-with-excel-4480
Data Science Courses,Biology Meets Programming: Bioinformatics for Beginners,https://www.classcentral.com/course/bioinformatics-745
Data Science Courses,Introduction to R,https://www.classcentral.com/course/datacamp-introduction-to-r-7630
Data Science Courses,Aprendizaje automático y ciencia de datos,https://www.classcentral.com/course/edx-aprendizaje-automatico-y-ciencia-de-datos-12250
Data Science Courses,Reproducible Research,https://www.classcentral.com/course/repdata-1716
Data Science Courses,Probability and Statistics in Data Science using Python,https://www.classcentral.com/course/edx-probability-and-statistics-in-data-science-using-python-8213
Data Science Courses,Mastering Data Analysis in Excel,https://www.classcentral.com/course/analytics-excel-4310
Data Science Courses,Hadoop Platform and Application Framework,https://www.classcentral.com/course/hadoop-4269
Data Science Courses,Data Science,https://www.classcentral.com/course/jhu-data-science-18692
Data Science Courses,Digital Analytics for Marketing Professionals: Marketing Analytics in Practice,https://www.classcentral.com/course/dmanalyticspractice-2754
Data Science Courses,Applied Data Science: An Introduction,https://www.classcentral.com/course/open-education-by-blackboard-applied-data-science-an-introduction-1806
Data Science Courses,Data Science: R Basics,https://www.classcentral.com/course/edx-data-science-r-basics-9253
Data Science Courses,Whole genome sequencing of bacterial genomes - tools and applications,https://www.classcentral.com/course/wgs-bacteria-8907
Data Science Courses,A Crash Course in Data Science,https://www.classcentral.com/course/data-science-crash-course-4392
